<?xml version="1.0" encoding="UTF-8" standalone="yes"?>
<catalog>
    <book id="2">
        <author>Isaac Asimov</author>
        <description>Foundation and Empire is a novel written by Isaac Asimov that was published by Gnome Press in 1952. It is the second book published in the Foundation Series, and the fourth in the in-universe chronology. It takes place in two halves, originally published as separate novellas. The second part, The Mule, won a Hugo Award.</description>
        <genre>Science Ficition</genre>
        <price>79</price>
        <title>Foundation and Empire</title>
    </book>
    <book id="3">
        <author>Isaac Asimov</author>
        <description>Second Foundation consists of two previously published novellas originally published in appearing in Astounding Magazine (with different titles) between 1948 and 1950, making this the third volume in Asimovs Foundation series. Decades later, Asimov wrote two further sequel novels and two prequels. Later writers have added authorized tales to the series. The Foundation series is often regarded as one of Isaac Asimovs best works, along with his Robot series.</description>
        <genre>Science Fiction</genre>
        <price>79</price>
        <title>Second Foundation</title>
    </book>
    <book id="4">
        <author>Gamma, Erich; Helm, Richard; Johnson, Ralph; Vlissides, John</author>
        <description>Design Patterns: Elements of Reusable Object-Oriented Software is a software engineering book describing recurring solutions to common problems in software design. The books authors are Erich Gamma, Richard Helm, Ralph Johnson and John Vlissides with a foreword by Grady Booch. The book is divided into two parts, with the first two chapters exploring the capabilities and pitfalls of object-oriented programming, and the remaining chapters describing 23 classic software design patterns. The book includes examples in C++ and Smalltalk.</description>
        <genre>Computer Science</genre>
        <price>350</price>
        <title>Design Patterns: Elements of Reusable Object-Oriented Software</title>
    </book>
    <book id="5">
        <author>Alice in Wonderland</author>
        <description>Alice in Wonderland tells of a girl named Alice falling through a rabbit hole into a fantasy world populated by peculiar, anthropomorphic creatures. The tale plays with logic, giving the story lasting popularity with adults as well as with children. It is considered to be one of the best examples of the literary nonsense genre. Its narrative course and structure, characters and imagery have been enormously influential in both popular culture and literature, especially in the fantasy genre.</description>
        <genre>Literary nonsense</genre>
        <price>99</price>
        <title>Lewis Carroll</title>
    </book>
    <book id="6">
        <author>Astrid Lindgren</author>
        <description>Ronia is a girl growing up among a clan of robbers living in a castle in the woodlands of early-Medieval Scandinavia. As the only child of Matt, the chief, she is expected to become the leader of the clan someday. Their castle, Matts Fort, is split in two parts by a lightning bolt on the day of Ronias birth. Ronia grows up with Matts clan of robbers as her only company, until a rival robber group led by Borka moves into the other half of the castle, exacerbating the longstanding rivalry between the two bands.</description>
        <genre>Fantasy</genre>
        <price>79</price>
        <title>Ronia the Robbers Daughter</title>
    </book>
    <book id="7">
        <author>Dan Brown</author>
        <description>The Da Vinci Code is a 2003 mystery-detective novel by Dan Brown. It follows symbologist Robert Langdon and cryptologist Sophie Neveu after a murder in the Louvre Museum in Paris, when they become involved in a battle between the Priory of Sion and Opus Dei over the possibility of Jesus Christ having been married to Mary Magdalene. The title of the novel refers, among other things, to the finding of the first murder victim in the Grand Gallery of the Louvre, naked and posed like Leonardo da Vincis famous drawing, the Vitruvian Man, with a cryptic message written beside his body and a pentagram drawn on his chest in his own blood.</description>
        <genre>Mystery</genre>
        <price>139</price>
        <title>The Da Vinci Code</title>
    </book>
    <book id="8">
        <author>Margaret Mitchell</author>
        <description>Gone with the Wind is a novel written by Margaret Mitchell, first published in 1936. The story is set in Clayton County, Georgia, and Atlanta during the American Civil War and Reconstruction era. It depicts the struggles of young Scarlett OHara, the spoiled daughter of a well-to-do plantation owner, who must use every means at her disposal to claw her way out of the poverty she finds herself in after Shermans March to the Sea. A historical novel, the story is a Bildungsroman or coming-of-age story, with the title taken from a poem written by Ernest Dowson.</description>
        <genre>Romance</genre>
        <price>93</price>
        <title>Gone with the Wind</title>
    </book>
    <book id="9">
        <author>Napoleon Hill</author>
        <description></description>
        <genre>Personal Development</genre>
        <price>124</price>
        <title>Think and Grow Rich</title>
    </book>
    <book id="10">
        <author>Stephen Hawking</author>
        <description>Hawking attempts to explain a range of subjects in cosmology, including the big bang, black holes and light cones, to the nonspecialist reader. His main goal is to give an overview of the subject, but he also attempts to explain some complex mathematics. In the 1996 edition of the book and subsequent editions, Hawking discusses the possibility of time travel and wormholes and explores the possibility of having a universe without a quantum singularity at the beginning of time.</description>
        <genre>Science</genre>
        <price>199</price>
        <title>A Brief History of Time</title>
    </book>
</catalog>
